model,chi2,k,eps12,eps23,eps13,delta_deg,theta12_deg,theta23_deg,theta13_deg,s12sq,s23sq,s13sq,AIC,BIC,AICc
M_free23,0.09592592596007232,2,-0.04938804838176104,-0.062489035338710176,0.0,232.0,33.522750298949504,42.187993409758036,8.573104999445892,0.3049999999943093,0.45099999999999996,0.022222222222222223,4.095925925960072,2.8685146481998536,16.095925925960074
M_free23+free13,3.4149023886431706e-11,3,-0.049388048381761064,-0.06248903533871016,0.0017616731063233879,232.0,33.522750298949504,42.187993409758036,8.588208007961102,0.3049999999943093,0.45099999999999996,0.022300000000000004,6.000000000034149,4.15888308339382,
M_lower_octant,0.09592592596007232,2,-0.049388048381760905,-0.06248903533871024,0.0,232.0,33.522750298949504,42.187993409758036,8.573104999445892,0.3049999999943093,0.45099999999999996,0.022222222222222223,4.095925925960072,2.8685146481998536,16.095925925960074
M_maximal23,7.095925925925902,1,-0.04938804837171994,0.0,0.0,232.0,33.522750299303596,44.99999999999999,8.573104999445892,0.305,0.4999999999999999,0.022222222222222223,9.095925925925902,8.482220287045793,11.095925925925902
M_upper_octant,5.89592592595487,2,-0.049388048380232134,0.08942051385901689,0.0,232.0,33.52275029900341,49.023923123655756,8.573104999445892,0.3049999999951757,0.57,0.022222222222222223,9.89592592595487,8.668514648194652,21.89592592595487
